Size,BST/Insert,BST/Remove,BST/Search,DLL/Insert at the back,DLL/Insert at the front,DLL/Remove from the back,DLL/Remove from the front,DLL/Search,Hash Table/Insert,Hash Table/Remove,Hash Table/Search,SLL/Insert at the back,SLL/Insert at the front,SLL/Remove from the back,SLL/Remove from the front,SLL/Search,Vector/Insert at the back,Vector/Insert at the front,Vector/Remove from the back,Vector/Remove from the front,Vector/Search
250,102790,58522,17371,195509,52526,17178,23415,153381,22703823,45866,13921,144178,48923,67607,33183,208228,116318,373588,18356,140068,87610
500,111896,67529,19555,55108,46869,17047,25781,508996,129244,46205,15945,460775,39847,190858,34309,501658,69481,703848,14337,418571,252657
750,111310,70449,18630,51146,56716,16385,24867,1123154,142575,44423,15609,869378,41352,493463,32648,839588,65301,1368763,15303,718684,374285
1000,109658,76041,19217,49514,54193,15579,24006,1490127,145517,45493,16126,1183645,41164,694024,31831,1237522,57295,1747773,11944,1036157,694100
1250,114578,79295,19380,49108,39415,15664,23393,2155776,129146,46021,15949,1421378,46755,890616,33503,1921767,82673,1980632,13565,1285331,937490
1500,116938,81969,19189,50373,40537,17004,23925,2803630,124663,45951,16014,1957507,44402,1125438,33887,3347448,34584,1607844,14142,1569798,1019012
1750,117938,85309,19484,49895,37649,16756,23255,3470781,175602,45692,12925,2480814,41745,1411070,34392,4048478,37475,1990492,13317,1920530,1033692
2000,119536,85916,18970,52003,41143,16076,24030,4212749,121142,45998,10902,4598875,54711,1734024,34879,4859654,36439,2287124,12540,2178582,1320523
2250,122642,84459,20597,49622,40036,17714,23321,5046727,125923,45194,10797,9531400,53123,1979549,34689,5672989,113999,2689805,12371,2511369,1354708
2500,124500,88724,20454,45911,39249,17669,22570,5608488,131057,45574,10874,6794155,51746,2253351,37363,7997871,36465,3614609,13866,2807072,1537316
2750,132855,89307,20443,47330,50826,19849,21646,6425041,128828,46629,10905,6455112,46121,2633884,35495,7258139,38271,3537732,13179,3139248,3170694
3000,145352,92470,21435,48095,44342,20949,22065,6936035,134620,47664,10880,7254748,60185,2832319,35293,8517534,37164,5040579,11877,3431252,2275582
3250,162301,91528,21832,51837,40763,22752,22372,7570553,275755,48167,12128,9201992,54889,3104473,34749,9352148,36841,4447344,13014,3776410,2033120
3500,145852,91561,22000,50993,39026,16337,23157,8208204,92876,45272,15676,9619440,44789,3416292,31848,10169158,36537,4745159,13256,4128631,3385093
3750,141541,94061,22098,66192,34918,17834,25801,8423252,94755,48589,16143,10803884,43184,3759449,30228,11169608,34571,5430473,12707,4442946,4330757
4000,142478,94580,22011,49220,34873,16796,26364,8878876,98120,49704,15730,11428347,43628,4111138,30176,11695989,35298,5279963,14112,4757517,2395102
4250,146743,94827,22082,48355,35650,17649,24327,8737377,102029,48132,15789,12089312,45925,4412258,30901,12405791,189500,6116933,17950,5105596,2996266
4500,149548,96684,21552,48477,38522,17836,26308,9552406,101006,51381,15801,13139606,47363,4717451,31717,13161464,36040,5581347,13331,5385332,3124501
4750,168426,98480,32695,65226,37918,18321,25448,9642871,97166,51835,16054,13760148,51157,4989847,30136,13922343,35308,5997224,39151,5693489,2820863
5000,157445,100495,28036,61385,38560,17988,25292,10206536,99743,51124,18982,14462920,45592,5382078,30830,14675493,37653,6300655,27087,5970673,3327702
5250,147546,105866,29800,49301,36818,17797,25470,10503175,102946,82288,18044,15296068,43281,5698705,31103,15493988,36606,6495856,22659,6317389,3034301
5500,149685,104222,31723,49348,48083,17623,25340,10905268,100035,47724,17058,16176860,46133,5999539,30266,16379412,37416,7179665,27777,6628973,3183523
5750,146345,108185,23110,50596,51281,17529,26414,11524382,80619,49929,16210,17153515,41148,6255326,29611,17118349,35911,7124882,21313,6896715,3760192
6000,147888,106974,23540,46623,51904,16377,25727,11802747,94841,51306,16036,17815278,40301,6529432,32381,17990827,33393,7438989,20018,7242691,3553645
6250,147510,109556,22737,46122,53851,16730,25911,12266668,112314,49659,20563,18656759,42913,6897582,30755,18793822,36828,7746821,22508,7555265,3717443
6500,152702,108033,22064,45550,57088,17774,26156,12736131,866113,49998,21168,19428563,40154,7270296,29187,19607707,36639,8041345,22655,7872084,3861570
6750,157483,107138,21956,66328,58423,16986,26794,13266721,119426,51940,10826,20217863,45540,7573647,42992,20427282,36589,8515341,22352,8190144,4063375
7000,160717,108778,21776,48821,59035,15316,27545,13707690,119248,49938,10764,21001496,41868,7825798,33274,21766214,36244,8685246,18524,8502112,4242171
7250,157940,108583,21612,48805,57001,16214,25333,14206099,125706,50026,10737,21784901,40817,8088429,36334,22303543,35952,8993219,16498,8815155,4177527
7500,168692,110580,21493,48122,59864,14410,28067,14717948,124377,52025,10968,22554914,43448,8380300,34151,23730019,37330,9280643,19556,9160340,4425262
7750,170475,112390,22163,49632,59906,16311,26601,15242434,139711,53140,11787,23615258,40646,8677628,32190,23797993,35364,9636766,18533,9437318,4508069
8000,171686,113350,21539,50107,53393,15633,29151,15705749,128329,52683,11227,24167460,41575,8966869,36451,24543249,35379,9916908,20512,9783755,4669931
8250,184486,113741,21277,51901,56988,16618,29590,16282657,119524,52440,11061,24316967,56119,9330384,37801,24935371,339052,10351747,21272,10057861,4762406
8500,225380,112961,21276,50458,53930,14482,28960,16797493,93831,51545,10896,24536153,39979,9550845,39169,25217348,36227,10668119,13761,10400800,4906019
8750,245773,115311,22006,50167,48856,17109,27278,17231496,81877,51186,10719,24812511,40847,9866496,49134,25660702,35773,10917782,14540,10665840,5097490
9000,212576,112140,22668,48030,48344,15846,27096,17725850,80526,51496,10961,25085695,39025,10098664,50052,26008165,35479,11264186,12301,11013138,5210747
9250,181933,114511,22454,50020,51623,15649,24999,18211348,86056,53222,11155,25270469,39989,10418151,47137,26527068,36223,11578535,12801,11322061,5339757
9500,184778,114743,23167,51143,52330,16924,25416,18788943,86002,51946,11175,25646388,39744,10715565,48847,26725672,35531,11891287,13336,11676694,5518192
9750,218787,115189,23357,51425,55439,15237,25383,19298080,78726,54411,11061,25769988,42771,10967926,47349,27153661,37658,12840080,17178,11967102,5629281
10000,295789,115733,24223,49564,53125,17337,24812,19738852,78446,50983,11022,25993577,43230,11259990,55107,27368091,34961,12565058,17594,12313485,5818327
10250,336782,121335,24057,49641,51848,18976,25640,20160270,76804,54061,10775,26202269,44148,11535811,64152,27702805,33936,12882966,21064,12538403,5927221
10500,331954,118905,23754,50281,54151,17983,25773,21432740,78305,52322,10804,26453299,45676,11817265,50869,28051806,36545,13158981,25842,12847859,6103375
10750,335995,117214,24303,51080,47492,18927,25269,21445943,78870,54035,11019,26710510,43271,12211697,48067,28513446,35546,13454577,25836,13226768,6301190
11000,313907,120537,24205,54387,49074,17842,25502,21891364,79594,54454,10748,26906387,44953,12605483,44898,28887836,36735,13823028,28621,13500319,6412543
11250,320453,123680,24247,49420,47725,15909,25292,22277113,77997,55223,11040,27102914,41271,13114780,49902,29297204,36458,14263071,27998,13821881,6541998
11500,285259,121618,23691,49032,50447,15225,26809,22875399,80832,55253,11048,27546401,42772,13009189,45520,29775425,35086,14799516,25781,14103023,6651707
11750,316153,121666,23465,48988,43386,15155,24822,23283294,74083,54781,11023,27840865,40582,13255491,44420,29796346,34369,19028974,26837,14497636,6812736
12000,316298,124060,23037,47901,38214,15661,25457,23969576,75872,54533,10721,27911306,42718,13555452,48867,30297627,35983,15680471,29216,17580188,6987183
12250,374658,123679,32686,49624,38999,14393,25411,24447187,73190,55823,13127,28068975,45836,13930510,50237,30662730,33864,15371789,26856,15656486,7112849
12500,326706,122638,39964,49266,40107,15883,26441,25081288,84656,56556,10789,28291641,49060,14107696,53239,32342673,36253,15684253,26150,15499960,7263167
12750,355085,124861,48671,51617,53007,17419,25880,25556872,82098,56235,11004,28621189,48857,14470839,53741,31768690,37184,15996159,26103,19686919,7419819
13000,320494,124982,41328,46303,43037,23158,25054,26214305,1439855,57326,11227,28694096,40537,14776355,50376,34337173,33363,17757827,24221,15996064,7530116
13250,329576,126421,46594,50235,46803,22408,24637,26585167,104389,59633,11658,29144133,44119,15165256,51741,35163425,36741,20634792,26959,16300363,7736192
13500,306084,134833,39066,48447,41897,19759,24734,27339677,102345,55246,11344,29802141,44452,15287351,45832,33039003,36088,17338069,24443,16675627,7883606
13750,327170,133561,23373,49050,42417,14359,23762,29071193,101758,59446,11366,30086185,45393,15559441,44246,33507187,34833,17288785,26556,16955146,8750253
14000,282420,132270,23334,46373,42136,14908,24505,28983137,103840,56372,10870,38372278,47319,15872950,42701,33660630,34716,17757119,25738,17262506,8140735
14250,263946,130509,30717,42517,36959,16825,24197,29264992,110577,60247,10739,30105194,46104,16181709,46697,33871501,70668,18076634,25853,17534312,8418701
14500,255561,133891,36243,42403,39203,19704,22491,37811999,111215,61021,10821,30299697,46456,16429366,52230,34441778,47036,18187220,23737,17918117,8461508
14750,249583,136109,36962,42696,40798,17813,24596,30506618,115895,57243,10781,30402237,42569,16720704,58830,34865723,35080,18579938,23489,18160409,8834547
15000,220969,153717,36417,43863,37888,18552,32365,30942279,112452,58779,11106,30691704,55791,16949726,78255,35103611,35261,18891364,17253,18493703,8803876
15250,199018,138922,36785,46448,38820,21329,25927,31785350,117098,60866,13065,30962307,42724,17199606,57374,35589487,35747,19159376,15321,18799946,8855620
15500,194454,132731,36473,44463,36444,30650,27366,32915590,122652,58429,15381,31144996,42048,17534449,58498,36273268,34773,19485697,22024,19072922,9007308
15750,193409,134004,36394,44171,41280,26047,24236,33566602,167546,61626,18000,31574284,43556,17852321,54095,37955089,34953,19787213,24466,19413330,9140848
16000,191957,137489,36860,43879,59350,27954,24004,35713814,151211,61708,15433,31671569,42638,18125402,72106,37372134,36348,20112354,21441,19726955,9329169
16250,191260,132480,36712,43539,46442,24522,23769,35125293,136048,59105,15482,31759216,41778,18531464,71521,37626533,34228,20449441,18178,20163134,9438859
16500,210633,136357,37196,56300,73997,21984,23311,35052066,128770,59489,15734,32040908,42427,18711770,59987,38057807,670386,21213794,20606,20339995,9614403
16750,214905,138603,40320,54768,79309,27783,24593,35743533,132745,60507,17364,32327376,46867,22988855,67059,39818889,37825,21169014,18573,20687008,9851922
17000,210148,135181,39600,58054,67233,23491,25634,36650443,129537,64411,17719,32563483,57054,19297198,64271,38878325,36315,21397523,18510,21157771,9920633
17250,210693,138911,41163,58863,61732,24747,24793,37113060,134472,63975,13977,32902226,55145,19491763,73092,39629551,37449,21727902,13507,21393194,10009312
17500,209088,139768,28475,76047,48888,22442,25207,38249231,144213,61176,10919,33360181,47500,19797959,87452,39781816,35283,22062301,14245,21646257,10203186
17750,214834,145120,38681,62025,50778,20522,26108,38688276,142030,61002,10966,33424422,46632,20070090,79138,40275368,35722,22289069,11442,21917467,10286236
18000,244723,146188,30723,63627,57903,22505,25961,39655331,208584,61067,10781,34690082,43093,20423079,61030,40782465,38235,23072431,9806,22227295,10520916
18250,255038,144115,25434,65015,57839,22842,24842,40907825,138500,64554,10748,34391015,43236,20636163,32594,41968515,36681,22806976,8985,22497594,10647310
18500,231952,145866,24347,70890,50923,24611,25022,42055388,141863,59375,12416,34045168,41672,20943364,33772,42180835,36776,23034033,10252,22952684,10789167
18750,222188,147169,25261,81046,48579,28468,25242,43496908,148772,62305,11896,34430860,45273,21375062,32416,42313740,37765,23382030,10872,23143525,10907958
19000,216002,143816,24815,49013,72906,20813,25992,44687705,161149,65727,10787,34963392,42509,21545509,32068,42387300,37264,23963244,8929,23452268,11151531
19250,260760,143572,25028,47850,67498,21063,26467,46017415,162358,65570,10840,35324947,45145,21800277,37171,42847271,36241,25101363,9076,23755604,11341263
19500,383911,150080,67517,43598,63355,21346,25303,46722571,186142,65162,10916,35605159,38541,22512698,40174,43421728,35895,24731883,8493,24211125,11533152
19750,341112,153833,25186,48541,79843,24967,24574,49279630,158846,66472,10806,35743727,42048,23314846,41456,48596210,36202,24819345,9267,25378038,11514004
20000,366979,158125,24213,47512,83455,20938,27135,49769255,172955,66791,10975,35885059,42298,22754589,45031,44841437,35913,25091545,9664,24680743,11671329
20250,377794,157918,25139,48546,68596,20485,26163,53765279,171222,66375,11221,36262856,43241,23032936,37559,46817349,38218,25519421,10075,25055898,12020375
20500,366490,147748,25214,48510,48226,23899,25893,52261322,127682,67670,10860,36374869,40243,23342160,32996,45095922,36434,26444358,10237,25428024,11980500
20750,378407,143960,25493,47231,45555,22099,26567,59325170,117954,68004,10773,36661353,42329,23703504,31097,45964593,41275,26063460,8409,25601139,12180900
21000,361946,158880,25033,48648,62669,22679,28625,56626640,111199,67523,11098,37703368,42689,24115410,29555,46218228,41595,27539607,8713,25947242,12516242
21250,334128,168793,28555,46598,47376,25390,29169,59057282,113704,66459,11253,37564858,44229,24321190,53962,46443966,40365,26496158,10676,26226249,12582754
21500,290111,153463,29169,46616,45676,24832,27879,59695587,105055,63897,11910,44872415,40762,24621317,56265,47339668,39485,27010437,9014,26562007,12716335
21750,277757,157200,29034,47133,43959,30848,27157,61770373,102166,67446,13780,38201348,41739,25437513,42088,53175614,39948,27163228,9125,26871510,12868935
22000,302854,155328,28866,47175,43814,28866,27040,64443067,103241,65995,11010,38525541,44697,25573732,42343,48608652,40537,27394528,8959,27188461,12985765
22250,236580,154141,28918,50742,41781,24490,29269,67811201,100689,67971,10834,39848420,42853,25833066,44059,49367847,44940,27779057,9245,27575948,16939675
22500,224317,158530,28880,51782,41897,22979,27181,67417484,105008,70665,10887,38741664,44703,26304473,79579,50421100,53682,28050083,9009,28138973,13167396
22750,273072,154787,28805,62072,44297,19442,27453,68223489,108338,69910,11354,39670381,54825,26574272,64189,50855312,53396,28669044,9541,28557732,13247933
23000,288789,161690,29147,46799,44586,39293,27278,69982088,118540,72126,10951,39732604,44788,26804018,52134,50868175,48709,28998742,8869,28755082,13389461
23250,292174,157101,28730,48863,45295,21679,27319,72127948,96600,68028,10722,40008300,47832,27031619,60697,52811825,42662,34189293,10568,29063963,13633995
23500,301026,158343,29018,47685,48187,19334,28088,71394835,99088,72312,11836,40272683,45825,27220075,42992,52414870,39131,29504190,10109,29434628,13681945
23750,313409,157415,30762,76752,42839,19007,26606,73299241,97281,69008,15158,40527050,56783,27650748,34087,52911223,42959,31805974,10248,34568760,13871268
24000,315209,161278,57176,62178,41843,19526,26449,78784388,106849,69691,14127,40991062,61861,28046624,34979,53516382,49682,43681343,10382,29825196,14013805
24250,249829,167772,51540,47203,41499,21321,26946,75857804,112657,72894,12610,41378622,62775,28389249,37147,53712124,50258,36985957,8322,30067938,14224745
24500,276769,172685,36848,43606,40144,20930,26232,74504467,156488,68848,13301,42088759,63148,28712054,38162,54928799,50203,35529260,9395,30369526,14291980
24750,300144,165230,35241,50754,40240,21662,26933,76473499,184151,70691,11598,42260712,64018,29965431,60341,55315722,41733,42240002,9850,31038620,14596510
25000,266979,172171,28892,57459,41640,21063,25438,77076789,158914,72420,12110,42551736,59711,30356244,51958,56269512,39736,31866944,9341,31917222,14687042
25250,207516,167013,40629,57906,40461,20537,26805,78442235,191210,71607,13507,43254604,59168,30732910,42232,56137885,41256,32274791,10064,31204392,14866780
25500,199957,167285,59868,57799,38641,19579,25995,80538422,171342,71730,14680,43031510,59716,31706368,43155,56797758,41162,33272603,8331,31514499,15046542
25750,217517,170677,33841,56221,39193,20104,26285,81629647,3064552,73835,17239,44938217,60660,31261402,40746,57229990,40653,33441128,9626,32033712,15000984
26000,226620,174064,28859,55131,38601,19454,26171,83599717,68771,71573,10796,45242068,50751,31433867,41615,59207545,37237,33574290,8756,32162743,15248353
26250,223651,177011,29636,56516,41445,20365,27700,88666759,65238,74243,12213,45219035,45643,32378547,41438,63918711,38308,34007957,9434,32588556,16540418
26500,297527,187692,28655,50853,39375,20611,25753,87022463,66989,76119,10756,45695025,45556,35600060,42882,60618768,43034,34467395,9927,32846460,15700092
26750,276896,169579,37102,48109,39539,19789,25071,90045877,65301,75102,10836,45990868,55161,34688162,44015,60722203,44096,34628305,8833,33196640,15647779
27000,267956,166786,48373,56624,37752,19721,28045,90716676,62082,75978,10728,47163172,59206,33439584,38803,61810266,39667,34868316,8047,33517954,15816160
27250,268974,169667,33140,58363,38286,20953,27325,96052025,69953,73507,10885,47662373,50464,33785732,35072,62429730,44025,35427013,9163,33925340,16519292
27500,270752,166173,30654,55112,37439,22280,27977,94901764,66046,73660,10810,52101543,41613,34005477,33207,63030557,57163,35594181,8831,34089191,16694783
27750,273412,172916,30180,59005,40186,23191,27192,101081881,68912,74282,10767,48563615,43219,35008781,33323,63740923,50794,35836448,9629,34347040,16830781
28000,278920,171058,30327,57573,39024,27718,26360,100245213,66783,74944,10748,48118436,55899,35534393,33398,65196825,48526,36405427,9535,34808359,17327975
28250,328950,173508,29789,59313,38832,34828,26746,103416532,68148,76018,11247,49006075,59165,36106385,32666,67009846,43463,37018037,10831,35247744,17259132
28500,342444,169028,30049,61328,40753,35472,27927,104278818,69275,72724,10753,49864431,46984,36704913,34406,64748779,48679,37653609,11718,35473161,17831213
28750,300519,178265,43324,57685,39496,22120,27146,105873090,68847,73129,10702,49855624,43114,37306052,33438,65449140,52675,38541719,19630,36044319,26963563
29000,307017,180179,29986,51708,39282,21280,27177,135617948,65989,74216,10824,51866509,43512,37138781,32545,68690731,59133,44628258,21026,36619868,18372063
29250,317540,178333,30144,42096,38761,23138,28149,159906290,70376,79126,10792,51003230,42324,37848548,32982,69072919,39243,37804074,23292,37333050,19480357
29500,13339769,193846,29974,41086,38628,22204,27194,154273916,66800,79000,10766,52340577,42820,38723117,35763,66297313,39481,38067562,20540,38362094,18778427
29750,324731,173905,29596,42791,37525,22525,26484,123488072,71103,89944,10848,53290684,43620,39706028,34519,65798591,37545,38743082,22891,37629657,18877948
30000,911352,181278,29680,44427,38213,21000,26765,124591327,69470,76662,10858,53619553,44256,38994309,34161,71291251,39133,42959894,19979,38195473,19043725
30250,2572496,182516,29516,47030,40586,23031,26917,127906341,68534,79848,10970,54353972,45161,38900443,32901,67340734,41370,39020566,13854,38340353,19225826
30500,326855,181146,29635,45991,39288,21406,27097,121170096,69412,76663,10922,54389565,46349,40042475,33816,70151991,41437,39352157,12468,38775913,19675465
30750,294542,179980,30033,45994,51347,22133,27135,122307503,68578,77862,10967,55455610,42558,40577477,33984,69226564,43921,39731211,12694,39119986,19836575
31000,288631,174266,29344,45903,64506,20398,26191,122967290,67804,75020,10777,56560314,43989,41054258,32228,69042280,39517,40372624,11591,44677361,19957398
31250,293955,174899,29347,47343,52586,37491,26582,128545570,67842,79919,10947,57465128,65124,41355149,32897,69776743,38962,40463340,14191,40241583,20195228
31500,319955,198319,29708,45976,56578,18887,28058,147753391,71068,76357,10822,56986225,74275,41538249,32892,70954903,36081,42709808,10389,40796452,20962682
31750,304965,180369,31111,47329,58507,19577,27999,128382317,71274,79768,11079,58460821,63757,41851740,36409,71565462,39894,40813141,10404,41237831,21006369
32000,316507,181619,29669,44489,58772,18440,25288,127955037,70067,77952,15028,63109244,70605,42308431,32861,72684171,36816,41162941,10892,41525842,21430457
32250,350301,176202,29198,44275,59617,19247,27032,132103639,71561,78585,19490,59182700,66975,42338416,33691,73962372,39173,44939965,10045,42144174,21763681
32500,373356,180784,29129,43983,55790,19641,27533,137300374,71712,79409,14962,59939764,67256,42663996,33040,76806703,38505,42761378,8544,42933890,21996076
32750,345618,186393,29354,45321,65438,20564,26957,133997936,69419,79377,15342,60727778,66181,43925531,36246,74992941,36619,42326611,8492,43446502,22917395
33000,339553,190836,29167,44400,65979,18291,26566,132310200,69698,79170,16242,61919109,69787,49822862,37015,75332504,1544888,43972145,8911,45678683,22946135
33250,315210,193152,29331,51470,71649,19601,28497,144416668,71081,77432,18876,63506858,68050,45476024,31875,75820377,38259,43341076,10071,44247751,23323151
33500,304708,190833,29230,43733,64528,19592,39216,139772965,73670,114588,17120,62656930,68888,45902511,33196,79397615,38829,44096598,10433,44810891,23294286
33750,309588,193385,29337,44765,60206,18983,30627,141854158,72549,88508,16186,65096367,71680,46737960,34637,77499595,36498,44519313,9198,45735670,24586922
34000,302767,195610,29235,58032,47448,19501,26829,141263523,71495,91788,10747,66225702,65337,47193975,33191,78704401,37267,44428581,9573,45708902,24584618
34250,317943,188259,29577,40759,47288,19928,27972,145133836,76225,93916,10706,64870203,69460,47548025,34389,79440490,39472,44765313,9053,46383799,24435484
34500,305109,194972,29399,44804,51080,19592,30507,147930163,72814,156157,10841,67099172,70267,49143467,34987,82374680,37855,45275879,11433,46648734,24705877
34750,298795,195596,29241,49317,47674,18254,27446,153675246,74836,138834,10958,66869115,68047,49877292,35586,80806531,36373,45549341,7903,47229250,25104553
35000,297188,193572,30571,48222,41771,19727,26789,152427787,74183,154098,12602,67900283,62751,50441703,30840,81232725,46466,48740637,8349,47233607,25371124
35250,297249,188243,29504,55978,40247,19579,27234,153584429,74418,156902,11941,68524155,68256,50759853,29948,84582114,43388,46363191,9926,48051859,25430535
35500,314725,187428,35312,50017,41230,20882,25748,159310513,76076,97087,10935,68974835,65085,50575167,33210,98839890,43294,48479350,9625,48739309,29976912
35750,298480,187662,30216,51498,51108,18694,28542,159796674,73880,93581,10731,71029490,62625,51508290,34915,83980023,37488,54389392,7839,49179262,25844255
36000,307257,196387,43679,51492,47639,19192,29621,166989013,75316,87621,10694,73198412,53815,52701613,33409,85050101,39860,47157786,9005,49518811,26600811
36250,370868,198081,29299,48993,45113,19809,27448,162051378,93029,94269,10725,72334589,52462,55250089,30735,89078238,37086,47417060,10384,51916582,26923152
36500,339584,191047,29686,49491,46013,19237,26586,169291483,116650,87785,10726,71443540,70298,54440194,32537,88353375,38894,48482769,8533,55645557,27293263
36750,436435,189964,29233,45769,38668,20201,28006,162479222,82051,91987,10692,74699455,63640,55900520,27342,87083814,38183,48627571,9783,51656858,27651485
37000,349359,189072,29542,46086,40850,19788,27842,159729982,91057,90513,10811,78221390,65786,55743785,23542,89052669,37156,49022842,8876,51292183,27856882
37250,317995,190890,29909,44678,39223,20428,27020,161205611,90865,80785,10903,83406033,66410,55845610,36845,87466730,36914,49193437,10235,51563436,27845235
37500,302044,218252,29794,45176,38457,20359,27131,169763849,84775,84431,10704,80451803,54256,56071018,32090,89592541,38438,49608098,10650,51981298,28287822
37750,287676,175183,32479,44333,39932,18984,24511,168241083,122999,82839,10804,82525278,51007,57367692,32017,90461285,37295,53083125,9509,52446801,28293922
38000,293807,174059,29577,47184,41579,21503,26368,171742699,141618,84709,10694,79333868,62470,63265872,31728,94293897,37068,50596182,9279,52575579,28386093
38250,292790,172594,29750,45798,38769,19705,26079,184439313,139874,82211,10740,76399990,55995,58523878,31368,99337780,38905,51414082,10100,52950516,28475282
38500,291197,175316,30409,46400,41285,19709,24832,177044436,147847,79681,11103,79063103,60740,59518389,32455,94242304,38400,52241448,10055,53739305,29063045
38750,287523,172564,29324,46607,39211,19240,26543,174060408,140750,82760,10695,81147177,66201,58605424,32824,95034374,37038,54650602,8237,53579967,29062375
39000,298811,175331,30166,49020,37338,20339,25822,176862013,154780,81764,10773,92725496,61310,62654608,32982,96012356,38674,52381900,9321,55750694,30136890
39250,278253,176127,29388,47653,38219,20278,25195,179397851,155190,82838,10818,86494586,60443,62576323,34057,100609807,38325,53451329,9598,54216168,34760237
39500,276424,177886,29808,56892,39664,19428,26323,179335075,149494,86872,10777,88441081,60410,61868255,35383,101305116,42923,54181074,8678,55461126,30161281
39750,277228,179789,30006,54304,39984,19568,27950,179391145,162903,86230,13043,105291927,58490,63457248,33736,99609569,39990,54656254,9227,54886023,30398453
40000,272346,175651,29016,54028,38457,19944,26595,183282581,154022,96817,14052,85544029,64744,64583827,34403,99006853,34996,55216770,8766,55603677,31068129
40250,330157,181764,29700,55561,37895,19417,27305,182492923,148993,82905,13234,87657790,57817,65258889,33742,100462482,38164,55453239,10068,56428133,31368977
40500,318268,181916,29670,46024,37963,19628,28033,182098423,161659,84547,11261,90606956,60827,65337566,32089,101070944,38841,56680987,8192,57379168,32232763
40750,333609,178709,29659,46673,39070,21589,26837,192156886,177186,83628,10961,91733330,57847,66884746,25027,101828266,57449,61233374,9419,57245840,33164974
41000,352239,193521,29597,53174,42375,20034,25091,185924870,140653,81114,10908,92287864,58067,68466458,24894,106766727,39807,57871109,9911,58017605,32961053
41250,355112,180159,30045,53362,45106,20156,26934,187303516,142945,85779,13707,93858174,69543,68236623,26454,103864119,38390,60629900,9111,64904274,33034165
41500,373714,188250,29942,48111,39006,23011,24644,190691659,137173,83345,15570,92547669,70887,69326096,25220,104911825,37148,59167205,9181,60288613,33635574
41750,419509,181181,29872,58899,42054,22425,23930,192964838,132964,90255,11617,92657598,62756,76115853,22200,108353762,39513,59485228,8170,61531157,34097137
42000,341497,179459,29858,51917,39732,21773,24450,193383404,132542,80270,10864,92708068,63145,71536008,23801,108137470,38744,60445486,10216,61470114,34114560
42250,342405,202463,29292,46226,42515,20528,26010,200131437,132747,85493,11989,97019961,62776,72038882,22702,109628972,37027,60935215,9047,61637169,34695592
42500,322202,187814,29699,48624,43921,46586,25959,194982782,147534,111899,12886,100682339,75251,74714515,23642,110375015,38776,62034168,9753,62235099,35599995
42750,368867,182113,29290,49757,45964,20619,26233,195862792,128788,97651,10945,99303908,81652,77543012,25016,110101919,46256,61575139,10175,62574504,36213974
43000,386874,188823,29100,44636,43008,15991,26781,197289927,143669,91207,12497,101819778,58417,76025010,24011,111216211,38783,62452140,9189,63620829,35733651
43250,335522,181531,29424,57368,41923,17960,25928,200835379,141597,79331,15985,94870122,55781,72881539,23479,111513698,36561,63003329,10913,63981544,35932910
43500,307320,184860,29069,57823,40130,19921,25708,204863241,141499,77393,17097,94822099,58080,78860747,24529,112284554,38532,63444768,9399,64568464,40080799
43750,302872,183229,29724,51402,40150,20523,26321,199942321,139492,82296,16898,93277980,58736,82818255,25115,118797282,37845,65866020,11395,65221480,36578957
44000,298268,184093,29419,48159,41175,20901,26874,201880321,144334,83739,16975,149229912,64028,82847144,26165,117428398,36576,64468770,8773,66668547,37407343
44250,299350,183946,29560,47904,41956,19783,25767,205868269,139321,81702,16897,93902941,68227,82220461,34948,116117901,39051,65511811,9284,66994229,38817679
44500,284927,181706,29778,56821,40694,14960,25516,208422943,142451,76864,18240,95314847,66064,83224967,39355,118867687,37659,65339928,8932,67849254,39244995
44750,288350,189801,29744,62390,42303,15384,25481,210904833,202673,81391,16956,96070814,60201,83822933,43558,118271813,38224,71017782,8967,68199563,39016964
45000,284555,185523,30292,60473,39730,15427,24974,208919740,153732,109379,12299,95499385,56254,89128928,38937,125044584,47802,66754014,9349,73887780,39357745
45250,280302,188352,29801,49016,39729,13528,27418,210243678,110651,71187,10721,95232513,60670,87747254,35589,120343655,48704,67939181,9386,70116220,39491874
45500,283687,191024,38189,51523,42289,15204,25586,208513406,108097,73628,10729,96922186,54879,89898474,33414,120159540,43502,68513417,8353,70876885,40115058
45750,285780,205221,35950,51435,42092,14944,25008,212340328,114185,71291,10712,96745146,55084,90781359,32556,121785172,40701,68532657,8892,70308266,41017016
46000,275781,192329,29374,38334,40021,14417,25257,213725326,135981,71433,11113,99887341,51620,89527452,28401,125230660,43233,70089033,9735,70914490,41072326
46250,278407,200980,29729,39477,43319,14527,26217,213255445,127533,72290,10959,99429945,52065,89673207,25566,132980980,40560,69685168,8887,74086711,41693739
46500,277987,201234,29529,37121,40730,15490,25940,215088552,119065,72826,10692,99394329,50180,82505443,25299,124714360,35293,69178518,9612,72735459,42174794
46750,277883,202811,29240,34729,74439,16123,26316,219118751,107096,71434,10699,99495052,49505,90114987,25381,127737634,38623,71374861,8397,73634644,43337277
47000,283579,202534,29186,35939,50471,14942,24494,219091303,107400,72436,10696,102025795,53244,87440670,25186,128279459,37643,71041106,8637,74743327,44002799
47250,294470,201151,29547,33913,45339,13795,25383,213118623,100078,73417,10692,100762301,50248,87420692,21891,135782655,36313,72493477,8383,73860699,43363704
47500,286424,202395,30178,34387,42333,13787,24707,223641678,103540,71456,10728,103544917,50595,87261186,25039,132049067,38487,79329651,9812,75567569,43083470
47750,282654,200067,30134,35053,68836,14750,22816,220878232,102666,74017,10675,102890801,64735,94214932,25559,131850773,36929,75212589,8832,76558599,44375028
48000,279875,203135,34015,40211,49955,15509,24255,225145521,101214,73700,10712,103418785,74408,88268690,23921,135102421,39146,76699667,10661,76889376,46324486
48250,287113,200727,30082,37655,46842,14298,23579,224621095,99285,72413,10789,103340171,66176,89106590,27963,134701464,40419,79679414,8996,78598437,46440667
48500,288953,197229,30095,37221,40791,14700,24151,219586352,102014,75109,10717,103962467,55924,91914312,24094,145752950,37645,76915475,10497,81914645,46331421
48750,285258,204982,29944,35622,40584,15320,25200,230220978,98499,76088,10821,104901690,50824,92273394,24747,136975917,37996,77525651,10313,79362412,47239314
49000,293554,198072,30854,35481,40074,15084,25818,227093923,102000,73431,10928,107567420,49073,93248992,25488,138235486,39218,79058804,8644,78247963,49102532
49250,283034,199700,30842,33602,39509,14276,25757,230543513,115182,73239,10740,111250651,47117,93344046,27739,139450474,41956,77800841,9673,78653080,50821859
49500,276723,208091,33705,35399,40325,11494,27295,231551838,95719,75148,10717,108018265,45890,94876609,26843,148539057,36894,80556138,9653,75622435,46720860
49750,281348,240472,30000,38380,45664,12395,28001,229458093,105737,73426,10753,109162242,49965,96178433,25874,152990138,41829,81325145,11629,75964319,48322376
50000,281830,236821,29843,51097,47488,13219,24225,236497652,100718,73758,11758,108532374,48869,96569962,25427,143980267,60689,82307626,9022,78091101,50160778
50250,277443,219790,29944,47276,43162,11787,28671,236849600,97497,73151,10699,108964743,48437,95312825,23855,142656420,60900,82234038,9391,76575239,49367079
50500,292952,207556,29686,52219,46843,12738,25676,234081052,96844,72125,10710,112756673,52005,100534922,22539,155668366,54111,80920624,10931,77293842,45780479
50750,287204,192560,30224,50341,47695,11061,27527,240476176,96397,70292,10747,111784241,53031,99037562,24130,148395448,54713,82423706,9163,77988652,44068096
51000,294067,188436,29815,47190,44853,11703,25476,238140555,96493,74052,10679,111418642,48800,100541037,22423,146493989,53885,84588868,8789,79555165,44673783
51250,294673,191387,29750,46558,51470,10545,28401,245438644,95218,77761,10685,111712754,47755,101534917,24951,149724048,53529,83893366,8310,79528139,45089459
51500,281307,199061,29867,48744,81592,11444,28328,241521440,5267730,73462,11254,115123829,49089,104873193,23444,167078503,53650,79711589,9173,79403613,45574407
51750,287068,194329,30220,34304,62378,11697,25595,239757675,63132,76221,10890,117761958,49126,106217652,23344,165655922,58672,82745269,8342,87093449,45646694
52000,297652,194157,29694,34993,64326,11693,23409,243729694,66859,71615,10858,114643769,54992,106531582,24106,160030592,63226,81211760,8832,83390159,45771466
52250,284475,188750,30319,34349,68449,14826,27048,241361614,66333,70243,13405,113924016,49995,107546307,23414,161822867,58846,81861799,9412,82282544,46132781
52500,285759,194980,30272,34604,72250,12324,24889,253233240,66213,73702,12054,115187593,49694,107298772,28536,181076533,65411,82311454,9027,82359049,46239138
52750,281207,194728,30826,33553,56650,11396,26322,244970665,69417,71514,10910,115165342,49276,109195482,25031,173189369,47009,83331355,9114,82232042,47132969
53000,289267,197437,30383,34330,77033,11840,26433,246448266,66591,73808,10734,119343188,53550,112527594,25263,178420023,51528,84946531,8662,84144303,48062342
53250,278559,198565,30197,35156,65556,12409,27350,251082128,68183,73975,10798,117161614,51469,110456391,29987,183159905,64075,84238114,9391,83422278,47666092
53500,287507,187216,29957,35326,60691,12059,25703,253415127,65481,73656,10901,116097604,51240,110289397,30841,186496698,67163,87353005,10446,84111767,47657413
53750,286388,202574,30042,32638,60138,13354,28885,253064731,67938,75349,10693,121611728,48379,111469589,31781,180780656,51953,84707872,10034,85947786,49584412
54000,330186,199177,29896,34800,59235,12355,27083,252996509,69827,75921,10946,117553317,52789,111758248,35178,191238794,57328,84858900,8241,85571409,48151209
54250,361257,194072,30371,35292,66193,11296,28029,253542623,67574,77978,10792,122223900,54049,114477408,57341,191949238,53419,91498306,8200,87095510,49804522
54500,294194,201439,30171,34099,60717,13320,26262,258153607,70003,74401,10735,122472271,52754,115817855,67422,185062648,48167,87474695,8895,86807388,49907123
54750,286414,217860,30266,33109,67392,11960,27972,256513302,70154,79270,10681,121632103,49550,116384285,58103,195679523,52805,88355692,9013,91673794,54484415
55000,308512,197894,29732,35174,62585,12412,28329,265432983,67464,78972,10820,121750370,70821,120124437,49186,196747552,52587,87616933,8085,86912054,49658186
55250,291502,200536,29790,33070,50847,13958,24893,258417950,67904,77261,10747,122326029,61698,120097759,55685,188371518,47152,91108991,8682,88318937,50469310
55500,290472,200688,30107,34388,57925,21262,25894,268758551,68475,76871,10807,126908225,61692,123811105,107739,201955450,56588,90414965,9532,90993251,50206242
55750,288079,203220,30019,35267,70852,22277,24392,261787453,70269,80222,12021,125563286,55387,122809841,77964,199991494,57565,90769916,10247,89959744,51600741
56000,287997,204538,29913,33092,53833,25662,24676,268188317,67436,75675,11884,124561969,57188,123855500,50940,208865128,51272,90772582,8412,90652146,51795378
56250,315646,201973,33326,32986,56601,26753,26824,267283217,80562,78336,10690,125802155,75397,123215196,35352,209153695,63731,91839232,9315,91393415,53041906
56500,299217,204028,34431,34488,57622,34991,25755,268711481,105673,76980,10704,125512633,73638,125744144,36125,203994842,73729,92313438,8494,90595770,55704625
56750,291160,207515,30138,33521,46474,19490,25964,267254560,105860,80105,10691,130386622,53643,129567493,41527,212054989,48804,92767976,8092,92949122,54090871
57000,280314,209797,29921,33592,46682,18840,25807,265619476,105252,76894,10693,128091738,61154,128769382,39545,215267477,44759,100987531,9162,94722966,54274877
57250,286647,199675,30189,34151,46539,19020,24479,280134832,113391,78014,10728,128059367,59205,129211883,37797,208186541,65049,94098690,13488,94878426,55980653
57500,286101,201055,29820,34926,51237,17089,25069,269588791,116298,80126,10693,128744469,58472,128435899,39807,205040126,43201,94862509,12238,100713895,55774151
57750,291120,207867,30189,32543,40808,17738,24713,274643193,111308,78694,10683,132120050,64674,134103336,32406,225869703,39439,94904750,20357,95583996,56391103
58000,289213,210528,29860,33715,41908,17524,26053,278096283,117104,75676,10670,132629517,66178,135590309,34956,221146867,38893,96527063,21329,95737973,56943907
58250,302509,209988,30575,34709,43124,20070,25906,284525141,123228,80146,10723,130789501,76525,132328603,45970,206552102,38812,96529428,18854,97185434,57442028
58500,280445,213757,30352,33561,40725,15806,26905,279663548,111807,82481,11492,131272509,70638,135367345,46991,232782339,37220,99724343,33463,98397170,57484427
58750,289984,209782,30377,33964,42358,16013,27637,280533948,90277,80693,10723,130701129,75092,135944964,45902,212216448,38207,99098875,19391,99154168,57130907
59000,292206,227406,30016,33202,44088,15694,27216,283995711,89336,77106,10696,135540590,67818,141327375,46099,223281565,42414,99440577,22308,98202859,56976531
59250,292421,213299,30169,33223,43207,14998,26931,282232159,87964,82560,11288,132720833,73432,136327815,46519,237757584,37781,99508197,18019,99621873,62738065
59500,289863,215474,29942,32901,42538,19355,24264,280478421,84659,83629,11889,133144220,74466,138134160,45135,227148600,38828,100577790,21211,99000833,57344685
59750,283747,211042,29836,33460,43426,17910,25650,291454082,87409,92482,10930,136256385,86997,139821929,44006,244066658,40566,102847263,17381,100724666,58053200
60000,285336,213505,29914,33308,42007,18087,25581,291302308,84229,84622,10694,138484439,79338,145927673,46465,227309832,38739,103420005,19990,106738314,57674040
60250,278812,220818,28967,33951,41658,19666,30090,291153075,83461,84306,10916,138579890,81977,141275094,46811,227017723,38344,99688941,21727,101407952,57916437
60500,292006,217239,28378,34125,64015,21215,34154,288088920,89745,86093,10725,136375494,72414,144408211,45762,245492489,39040,102049216,13329,100901286,58566534
60750,285269,249141,29282,35165,54192,20323,33710,296703756,86043,80382,10693,137694351,68163,148086893,46712,223775364,40031,103316444,12120,101321696,67128974
61000,292325,217207,28609,33896,45755,21079,25783,293512676,84830,84181,10923,138236598,68574,152700673,44045,244849677,45147,103148985,13849,101865957,60799475
61250,300847,221767,28562,33967,50414,20484,28470,295328406,81196,83512,10643,141407062,70358,144433202,43085,243613454,50071,103650378,19844,102944608,60580484
61500,296805,223017,30373,34885,48128,15082,25703,293879539,84395,84916,10698,139681875,72493,147513640,43290,243462697,45321,107845588,20551,106779530,61228946
61750,292294,220553,30404,32539,45200,14322,28091,301824071,87031,82192,10704,138581258,73320,149802899,44333,255774251,63460,105809010,17760,104422470,63298432
62000,296445,222313,29073,34130,44769,18899,25137,297949811,88389,84900,10710,138462142,72725,156330412,63366,233442065,49438,108189860,22874,103461863,61591507
62250,296402,235319,28914,33773,42842,14967,28138,303345784,87760,83118,10989,143874808,76412,151476830,62659,268280482,50283,106859397,17623,106146476,61956124
62500,293829,229667,29194,33972,43130,17450,27356,307067282,85315,84041,10767,143230112,74781,154483676,56967,237158353,44937,107804020,15548,109486042,62163443
62750,287388,233899,28580,32850,38338,17920,27474,304865124,88979,83985,10901,142986022,78305,152715208,44695,241374504,44819,113789716,22542,106166146,62708418
63000,290449,260673,28939,34226,37594,19223,26027,303352306,89283,85992,10713,142255826,73410,159990007,34165,255753901,44852,110726570,20865,108753090,62995927
63250,296035,277645,29293,36476,42517,17433,28030,308362849,98859,86696,10700,147582774,73501,154415290,24467,246554913,45754,109384694,15960,106511963,67036850
63500,293591,233758,28544,36252,39829,17101,26749,305296836,89679,89038,10681,146726283,79164,154851287,26493,268675199,44168,109843852,11693,106631433,63185627
63750,317064,231408,29481,36801,44560,23167,25012,313145744,93847,84854,10719,145026311,95719,155876680,24027,243467065,45615,111134182,12512,107836712,64027824
64000,290449,219455,28469,36425,40429,23463,25993,315488959,86694,90889,10673,145642872,72679,165905163,23110,264220927,45532,111701940,10823,108712740,65614729
64250,325430,217973,28412,33844,41748,20576,26150,317589338,89286,87338,10730,148263736,62832,159736466,22825,291874193,44956,116500894,12628,111412344,66777277
64500,299511,215577,29062,35972,42687,25976,27035,311587074,104207,85351,10777,148516350,81368,165642765,22714,266761827,45650,113813899,11556,111699281,82381582
64750,326295,217359,28553,36774,40484,25008,25782,315142812,146118,90007,11028,147394845,72961,169399450,24720,262280754,44417,112954378,12522,115346315,68899591
65000,313090,221216,28476,34243,40837,28831,24943,320487574,108248,86808,10757,148891102,64852,167547647,24627,250365929,45205,115809037,8697,111614024,66573776
65250,252686,220165,28663,33673,41673,26235,26269,318521959,98300,88414,10826,152025276,64639,162989980,23273,289780543,47383,115349332,8640,112525719,66351135
65500,256807,214622,29185,33308,38908,23066,27887,316863450,95042,90718,11018,150905584,73954,170289843,22782,252653783,40525,118332920,9199,114011124,66626693
65750,248924,214960,29272,35447,41782,24571,26726,325733696,98494,88936,10696,149665516,142702,176681686,22369,288204486,3991337,116372913,9823,114948593,66737775
66000,241839,228211,28529,37372,42912,29546,26130,323151688,87840,94336,10722,150271163,144305,170477624,29906,269659419,60036,115329392,8877,113028378,66771651
66250,242534,222232,28684,36310,40220,35547,26217,331033105,92022,92217,10825,153317760,80997,171564769,32790,296359877,54589,117156686,8438,113993264,68326300
66500,261724,258741,29219,32869,41044,34533,25770,330808603,92879,91454,10742,153422037,85466,176950275,34677,270821736,48854,119117243,9650,117207431,67567421
66750,276070,260365,28934,35502,39982,33832,25928,327869897,90667,92180,10796,157087517,88329,178622048,32955,293316055,49801,120800866,11064,115561294,68178905
67000,276214,236256,28753,37342,41342,33790,25193,329184411,91741,92885,10707,152473124,60462,177094461,23993,285095917,53914,118800946,15750,122461405,71633708
67250,300411,216126,28696,35828,38763,25347,25707,329741255,88057,93167,10754,156373444,66730,176471714,22189,296993508,47052,120370703,11861,116599336,68444908
67500,335057,211412,28844,39154,40677,21024,25729,332540521,89603,91718,10706,155932090,81979,184562537,24634,285842777,57021,120330664,11792,116582791,68690764
67750,332050,212854,29035,50542,42402,21007,25365,333216499,91301,93139,10722,154734245,56289,175394540,24837,296750030,76522,120997585,14686,117367593,68482290
68000,312289,217279,28130,45627,41510,20629,24744,339795344,91177,93386,10846,153526713,45862,180087711,24448,278457152,77963,123486693,15218,118329445,68853704
68250,309087,217066,29050,42682,39660,21409,26647,336720811,84819,92392,11034,164068473,44753,190479168,25457,288219421,60371,122521642,16043,120829460,70472976
68500,305644,238932,28502,37174,41101,22091,25112,339893008,92450,94177,10873,159754837,46692,185651341,25733,294485639,51576,125352641,12703,119430484,70760536
68750,295622,239442,28469,36484,42246,22550,25591,339978228,90317,97124,10737,158420422,55933,180765686,30635,301833974,55838,124620931,14840,119272070,70296629
69000,313306,220459,28360,37344,40418,22266,24879,338572758,89809,134957,11438,158176692,45390,192200859,39696,312305770,52496,123816337,17587,126072876,70523198
69250,296212,226065,30248,37788,38914,21830,27550,341833924,91618,113166,10753,161981333,45427,184091951,38523,338179340,48636,126958780,13948,121475043,71325773
69500,290425,228389,28799,37107,40677,21005,26587,343309459,114322,113895,10713,159376311,43263,184260733,53187,302837003,66267,124793393,12207,124122244,71715528
69750,293870,222812,29236,43558,40845,35502,25458,344244584,94202,130803,10714,164093698,44887,195557311,36934,312320742,49086,125325956,12779,122993031,72035702
70000,289209,223787,28601,40874,40421,34992,25321,343091613,88359,107276,10730,162003880,46334,192293171,38806,298358876,44218,126406538,11299,123464103,72473854
70250,289893,218312,28934,45494,43775,42264,25915,352676995,90795,107742,10839,167607874,58241,188428578,40735,313949275,52111,126990230,13387,124336683,73149448
70500,301984,224599,29296,39396,40699,40479,26260,349010685,88752,103172,10756,164217422,54923,193851310,46815,309335398,81859,131095297,14201,125260169,78599473
70750,286608,225423,29069,38793,42171,33455,24799,348664734,89630,129817,10843,164052262,62131,201965405,50614,320307634,69960,128895296,15415,129106893,73603595
71000,286100,243793,29248,39422,44012,52139,23825,356016736,88819,116838,10776,166852257,60638,198026481,39767,311205613,52376,128907915,13310,131524194,73781632
71250,288627,223905,28893,46125,48920,31259,25604,353012404,90076,125111,11009,169670805,59161,196136091,32855,321013462,56100,130574167,12737,126212408,73779890
71500,287681,230470,28858,41198,52063,30403,25690,357369663,86652,140677,11012,165065441,54327,204997852,34830,296891701,48248,132225295,12550,126996521,74689140
71750,290103,225806,29036,36703,47074,31190,26587,358864113,91109,135647,11479,164799616,41277,194252383,35206,327223333,50028,130017969,12132,129270025,74740788
72000,284408,222989,28183,34473,43316,31483,26002,355950711,89959,127642,10717,172344896,40918,198035572,31951,311296512,45129,131052943,11318,129603235,74874928
72250,289956,224800,28846,36922,45812,31936,28401,360881933,93325,120306,10687,169251314,41932,209909086,30342,341662677,47133,132086235,10716,128675884,75476833
72500,280276,223017,28791,38238,44421,33298,28405,358162014,93714,131159,10713,168507459,41397,195817189,23980,318107371,48192,135427754,10747,128484327,77203971
72750,291841,224128,29580,36765,44319,32747,27134,362484594,93491,155860,10731,176613498,40872,201165921,22465,330605422,46489,135134888,12744,130038425,75897340
73000,283147,220670,28866,47039,46902,30831,25858,365648402,87890,156095,11444,172671452,42900,206919494,24017,344676800,49417,133365808,8058,137690512,76018237
73250,285431,231019,28588,49068,42567,20674,26718,364611144,83759,127991,14305,170455467,44582,198059829,23733,328698634,47541,132533623,8942,131431697,76129101
73500,281343,221001,28803,48396,43115,25964,24385,404110464,89646,134696,10698,182904668,49067,209764967,23596,345437125,45188,133154719,9072,131682221,76597124
73750,300207,228673,28334,45880,44008,31595,25692,376514858,101382,138901,10692,181833411,56633,206599204,23291,323524571,43948,137045080,8641,132280874,82120733
74000,286227,225337,28723,36236,49142,32028,24353,377903336,89257,136048,10703,174959556,59724,203808674,24516,342741721,51595,135381845,8512,134455788,78050638
74250,285970,228054,28688,35845,59981,31325,26321,376035878,91051,123591,10905,178112675,62029,209029872,23998,344724917,42608,136472441,8688,135150588,78698315
74500,282565,229251,28650,36275,88029,41901,27833,370358524,95761,115164,10719,181739901,65570,218100616,23488,348486747,43507,140203580,9251,132483886,78500934
74750,285991,236566,28526,35801,93669,31462,26484,375907711,89516,130295,10697,178213112,59341,214597043,24464,347251559,47168,139040570,9505,138924319,78543885
75000,295850,246798,28825,34784,70857,46780,25570,380251910,89450,115871,10713,176513030,62474,219470094,26310,334787824,44577,139190159,8936,134662796,78262579
75250,286029,238768,28944,35498,70810,31291,24858,376111575,90425,118060,10749,181495315,44731,213079372,25468,352271068,44369,140390656,8144,138255204,78169257
75500,288714,230824,28936,36946,65181,31326,24774,378123999,86590,121537,10681,183040239,46189,212620715,24068,336165531,46944,140145207,8910,138088993,79417762
75750,284482,237762,28906,48973,61188,29610,23704,379872416,88953,119945,10694,186303156,57973,222314035,23211,371757095,43288,139940220,15324,136955245,79159003
76000,284096,231434,28599,52391,82447,23871,24030,379413964,86655,111584,10721,178882088,50965,215963927,23127,353559368,50963,143632899,12393,137307085,79571634
76250,281771,236603,28671,37702,103084,22135,26585,384400670,86671,112592,10739,192422957,49267,215345826,23175,345931483,55847,143576139,8052,142255170,81716382
76500,281796,238825,29256,38022,78561,21352,26205,381990016,91937,110417,10738,184589187,54831,221411963,23726,381434606,58352,139527034,9360,138689851,81094477
76750,293690,236837,28752,37288,66424,20649,27054,407692983,89517,110231,10948,180550378,58725,216378221,23354,353294316,56434,143115335,9362,142733148,81358623
77000,304313,273362,28837,38610,54951,21626,26598,397396896,91687,112700,10735,193118406,51864,231538716,22557,388322215,58786,145419351,8999,139843295,86031099
77250,310786,243506,28969,38355,60418,21475,26989,390416275,87011,112675,10996,182077828,44731,229456671,25225,360621745,62740,143809014,8021,143232324,82230940
77500,305787,239025,28910,38060,59280,21596,26137,397030868,91908,112238,10722,180982417,45756,221464698,24215,365639461,56422,144479399,9392,143057164,82185541
77750,300276,240584,28744,38651,48757,21084,27107,391947250,91832,112064,10789,188420561,43422,228820062,25343,371719178,58530,145417645,9715,140626359,82893237
78000,305348,242714,29129,37005,45269,22765,31313,392169536,95104,111848,10697,187605470,67077,221186986,26073,346001296,59359,150580107,9335,142689016,84542572
78250,340928,247647,29070,37329,45162,22337,26388,400023741,85977,112687,10713,185885001,49331,230776480,25639,380664206,59474,144358435,8110,145581724,84193307
78500,313172,250559,28542,36685,43171,21532,27690,396213900,90333,114268,10791,195802829,44985,233477820,23889,360402475,41756,146006998,9589,153880979,84420445
78750,311577,257028,28871,37730,42245,21686,28033,391070634,85935,117831,10770,193181238,42866,224137586,24555,356945392,47143,146083884,9792,144241633,84284760
79000,318331,254398,28892,39024,42504,22528,31284,400209813,91496,116498,10685,189291922,44281,235722614,23952,375471884,46540,149451311,11633,144120767,84558664
79250,317482,266486,29395,40351,40132,22885,29598,399853626,86234,116314,10687,192088691,41125,229533472,23944,355904152,45642,147254871,15391,145948447,84662946
79500,329536,319149,29604,50360,42212,24770,26649,400156730,91482,116578,10680,193172454,46722,231353730,26408,373710850,49900,149172480,18986,151719299,85056056
79750,312258,353138,29018,36254,41075,25186,29681,404805818,87142,115728,10689,196189814,45207,239474618,25217,372006271,46385,152645874,17492,148802645,86592477
80000,311793,326311,28367,35236,41401,25465,27392,403935593,85260,117957,10701,193095434,47818,234586943,24744,359462156,45507,151663877,15260,151026643,92785248
80250,308662,292063,28567,41714,42924,24545,25797,405321725,88124,116936,10813,200175634,42329,241003545,26126,376613035,49717,151901210,14117,147815908,86511074
80500,309009,261946,29007,36042,41450,23340,26770,407732498,88251,117973,10708,193310144,44956,238561877,24401,376467477,48220,151578429,16215,150810727,86218599
80750,303883,269977,28449,35742,44040,23207,27565,413161617,86025,120518,10737,193099162,45762,244617437,24308,371484045,47189,151124496,19300,148125247,87298030
81000,304714,324467,28110,37447,43181,24618,25561,414555360,91332,130913,10769,206758595,48171,248463669,25404,386584065,48128,154581947,14480,149082221,87037357
81250,305470,312467,28994,47822,41590,23374,24991,416863369,85222,146407,10716,195526412,46433,244088213,24984,385300336,46586,156966033,14391,150931027,88105063
81500,315584,279863,29111,72479,42528,42356,24552,415469769,89960,130669,10829,193611696,44300,257455679,25442,390349435,47430,154448353,14591,151546069,89237273
81750,252113,253784,29311,55953,42879,21258,25912,412745298,92606,138290,10765,211242308,44451,240487658,33214,395874373,48528,161605245,12948,153721709,88312651
82000,232022,280090,28588,51921,42997,21891,24759,416613741,88789,136332,10750,200440217,42198,249905673,24334,371992840,47075,158752869,12716,151789979,88392190
82250,231819,222550,29499,53633,44481,22099,25615,418585550,90822,143529,10759,207352660,45809,279222218,24561,384809772,49990,157328568,13212,153764008,88736158
82500,226994,223123,29167,41011,42885,21391,25422,421742497,88523,144848,10686,208029425,41890,253949177,23423,392643171,48522,156371947,11294,155169204,88768084
82750,239619,226043,28912,39205,45050,22615,25700,419555604,86825,141563,10750,202809864,45777,260800256,24067,374078940,56167,156608603,11242,152922405,93222398
83000,222324,226681,28616,39298,42573,22656,26584,417835772,100197,142138,10768,209821719,44459,251191292,24476,396585443,57822,164363570,12613,154237292,89364670
83250,223612,226491,28344,38380,40673,22479,25729,428128352,89346,143283,10730,210236435,42959,276112693,24988,399002785,59510,159585744,18605,155179577,91447577
83500,221258,223623,28732,38897,38948,21643,25659,421863659,88658,145664,10751,204918858,56798,252173029,25035,382131496,56897,161253760,20982,157821483,90620268
83750,217425,229173,28686,38178,44090,22881,25395,429074652,97298,141193,10694,209604383,43392,255825559,24988,398637073,62533,162725227,20936,154429930,90507844
84000,220402,229359,28121,37454,45720,21978,24808,430803347,91498,150304,10708,216059007,39750,260873660,24099,392643414,56404,162425974,19832,157300989,90613975
84250,220395,226200,29017,37903,46685,20526,24580,436095360,86648,153893,10702,210086442,45342,266111970,27597,396177434,57181,162853164,24505,158557700,90983602
84500,217985,223851,28416,39218,51433,22625,25376,429152114,92223,140400,10724,215854722,56867,267602426,27245,408375105,46837,165569912,35660,159061931,91256069
84750,217345,229574,28309,37531,46539,24071,24748,425539429,96141,123214,10678,211251611,59969,258710239,30113,399533458,56828,165699806,12047,157219093,92809901
85000,213217,224979,28824,35945,42362,40509,24566,439785325,91285,113942,10774,208926918,52035,276399448,36864,391635312,57766,164685148,11840,160638036,92195357
85250,214849,228159,29169,31657,41953,36206,24236,434104398,89375,124169,10730,214618020,39245,274138605,33845,408426548,51824,164925425,13696,161659268,97882760
85500,218916,238293,29380,33143,43541,34913,24396,436222344,93177,119616,10770,208130891,41069,295259823,24986,403362156,57156,165369066,13041,159052071,96776457
85750,214006,254600,28835,33170,44158,33193,24638,437739613,90746,119619,10755,213346985,40036,263529492,26720,394784086,58986,168202686,12402,159700842,92891386
86000,216445,238663,28116,33789,44607,46807,27325,450675242,90875,120736,10704,222512139,44102,276630290,25177,407503959,59207,170445438,13893,160979733,92838595
86250,215869,233102,28474,33712,43605,35945,23544,438803377,92527,119757,10686,214070302,41186,274903853,25047,412775639,61044,165917668,19805,163400346,94303735
86500,215133,238827,28749,33331,44575,31106,26989,438386540,91362,121287,10829,218184436,41345,279610944,25605,401546975,62660,169704203,18637,163749283,95225116
86750,225535,239483,28580,34150,44345,34676,25781,450567554,90581,123694,10682,233772469,70051,281467841,24605,417593009,54596,168003721,18918,162496229,95027122
87000,214068,237501,28403,33000,42469,35922,37887,445815505,88829,135481,10694,223995913,63842,289665883,25274,408822517,48060,167023067,18799,163684121,95052489
87250,214386,237160,28896,35561,44553,32003,29780,447587166,95186,136508,10667,225443710,64550,300510441,24178,393782769,45768,167589190,19985,164192433,95162253
87500,213627,243077,28509,40748,42945,34011,30169,449913982,91436,151282,10692,222172751,72107,291346549,24782,420584009,44682,174234972,19235,162423734,95383800
87750,210793,244091,28527,42882,42366,33401,24542,455829724,93157,147381,10971,217113616,74127,301775713,26401,416652311,46039,170479557,14468,165932954,95524659
88000,213692,251428,27933,42039,41729,34522,24352,443460711,92841,147131,10744,232522773,72468,304156159,25582,406794550,44035,174656750,12367,169806383,101497823
88250,213362,247495,28969,39954,39476,24180,23417,454178526,88877,148456,10703,219374754,91927,308286234,23019,430486643,43735,178250798,13514,165588279,96701627
88500,214789,252807,28941,42177,42178,24945,22999,456716861,87162,139536,10692,218961291,88561,321418991,23765,415015262,63188,170921986,13249,166716615,96304191
88750,218948,242965,28860,43756,41178,23657,22923,456150547,88173,120693,10710,226859130,71754,306686500,24782,424923274,45669,172211456,12796,167845179,97038886
89000,218868,258903,28943,58810,48839,23533,24967,458573344,93977,153738,10721,218992631,71972,305811631,25330,421224477,45533,175683267,12278,169963528,97107617
89250,218895,257961,28468,44227,54799,23507,32075,455361871,88137,146342,10814,230615869,68516,323646765,25034,438258221,48472,176801979,17631,167712336,97342713
89500,213698,279985,29026,55180,46869,23891,24554,462463241,86433,152515,10744,226573560,63677,341883220,24561,428349664,54786,175913160,21212,172188204,99298144
89750,215511,265836,28929,51655,45792,23777,23185,459275568,92370,151345,10680,222088658,66466,331366497,26644,419057093,63430,174257425,15972,171713747,98605724
90000,215024,267660,28973,52527,40446,24230,23218,464184708,89786,147469,10777,234595836,67119,325709778,24453,442324915,53482,177522336,13015,169408094,98606432
90250,213685,272206,28825,51598,40951,23185,23307,460389708,88932,126827,10703,232139639,67255,315152008,26332,433089467,73196,179115399,13743,170186692,98924567
90500,210127,285513,28618,54482,39533,23348,24044,467369207,93544,128403,10706,227272694,65823,328439918,37037,442603490,54335,176340939,13191,170706361,98763410
90750,216921,325357,28915,55442,44658,22708,25256,460060974,95231,125361,10692,230715432,65690,322194578,28688,425759524,48745,178162032,13691,173211296,103371951
91000,225288,331069,28500,42120,44479,23174,27156,472354151,93455,131916,10719,225006782,65590,340602160,27704,440281324,54945,179076920,18248,175426467,101248926
91250,209556,350641,28878,37787,40050,20891,23124,469468638,90736,129342,10866,237308815,79793,337045570,29916,439860049,53034,176549611,16369,173176634,100551222
91500,215473,313813,28614,41227,38731,25322,23566,471838012,95258,124216,10711,236388692,109572,333320857,32274,430418859,52116,179373114,19927,176361119,100477441
91750,213189,325124,29068,40338,38733,26959,23637,478227060,85102,127246,10680,227093063,123203,345802977,41710,447812731,53630,185927887,19060,173288643,100554226
92000,213542,287440,28805,40662,48457,26700,25710,476705883,114755,131205,10674,235214494,91627,336117659,40215,438173457,53230,180837119,14065,175521240,100882111
92250,217110,282729,28608,36858,43345,23697,26314,476229185,109166,140519,10703,227479508,83644,361173117,41053,454700441,49339,180244563,15666,174819006,101153225
92500,215875,312430,28702,34539,42347,25206,25608,473870329,125201,129447,10717,238728323,76321,346612672,39694,433680565,50984,183596440,13764,179868457,102833769
92750,216715,307900,29328,36227,40824,25695,24275,476123127,101132,124608,10692,233397058,91421,359379504,44176,436876631,53374,182569138,14320,175728862,102038280
93000,262858,323598,28876,33216,41070,24215,23900,475303464,114301,125111,10651,229327055,165969,369320114,32379,433830042,55957,186667459,15206,176613268,106540707
93250,241315,315146,29797,35468,42517,25537,25354,478535411,98372,132825,10685,237156284,101261,361114827,37612,448137169,59309,184556490,16187,179076515,102679332
93500,236825,336695,29328,34427,43053,25892,25327,481455338,96235,121268,10671,238537759,71114,366611746,35981,431839965,69138,184106391,13379,176701421,102440528
93750,245115,337660,29065,34954,41973,28765,26138,484211912,96399,129178,10685,238304441,68827,357808744,32920,455743904,51476,184001522,12358,178036457,103740863
94000,240143,352209,29210,35287,37886,26916,25662,487968124,90462,117705,10735,243940442,69255,369897710,39914,442114085,49062,184437307,12693,182995581,104425875
94250,243533,410976,29264,34408,43995,26080,25046,488636562,94587,127038,12001,236446242,73106,375600747,41256,433358346,63169,187714944,12113,182776282,104183714
94500,244676,415510,28855,35089,45891,24906,24828,488055739,90274,122089,10678,250345888,79127,374273561,44036,427503287,40280,190382367,12633,177763848,103825055
94750,240503,367899,28834,34252,43402,25375,24383,493176031,99818,111382,11002,223028297,60354,386042728,38294,444054821,41142,187237638,14309,179449277,104480058
95000,254856,428660,28903,36297,44356,25604,24998,490229689,95411,97039,10775,231026781,88766,383812137,39634,459165245,39627,189315957,21434,183558649,104254654
95250,250887,451755,29342,33144,43384,26312,25437,493166011,93767,89200,10979,242605737,59105,372059216,34864,428477175,38334,187744536,18750,184068555,106050743
95500,247150,435550,29072,44176,46595,25368,26186,491348103,92648,89525,10692,237711521,53135,378122706,31428,432485831,37352,187325221,14021,184243771,109644772
95750,242733,455818,29170,42539,46295,23915,24321,495737232,98179,88970,10763,264032899,56689,366653097,27358,449850841,36134,195099608,15126,183556991,105142286
96000,250495,410625,28907,40887,56705,23906,26477,497844644,96892,90461,10706,251324488,56377,375729304,27382,451114550,39151,189171830,13592,181935128,105566567
96250,245446,345581,28886,34708,56633,23483,25959,500698757,93109,91416,10732,256101143,54594,384383812,28132,444123713,39697,188017749,13883,182569279,105853165
96500,241146,329729,28860,35044,56137,23316,24022,497634983,96377,90438,10760,253532403,54816,373388209,24269,448575129,43358,191100925,16023,185951441,106177802
96750,248360,324846,28818,34378,58347,23131,24260,507666029,94669,93292,10924,256231147,56526,391662352,23986,470435791,50993,191024413,14049,195307533,108041172
97000,240331,330685,28736,34430,56573,25846,26100,500727774,95154,89406,10709,260300135,61072,394693158,27679,474060259,39691,195362222,12061,183836895,107201530
97250,245939,425842,28828,33970,59586,25437,26035,509956227,96063,91683,10707,250286408,57120,378481059,31743,463330856,36098,193252651,12218,186231145,107421254
97500,240697,416489,28384,33792,58611,26097,25693,499957040,97483,90494,10700,267971872,48987,387719976,37021,449180857,35930,192798045,12633,186558911,107294801
97750,240842,406533,28623,33342,65919,27575,25635,516753748,97997,88944,10676,259529409,47379,389011758,38825,472929092,37440,193355882,12661,185983532,111585680
98000,272683,458158,29090,34375,67681,25248,29176,503070132,94584,89416,10752,264058223,53789,409710051,40256,459002786,38858,195348976,19947,189984736,109155955
98250,247826,418301,28538,33278,67286,26713,30535,510695375,94751,92448,10952,260232918,61520,396138157,40598,477070232,38731,194982268,19721,190761669,108112995
98500,245383,372553,29152,35072,138703,27381,34621,508616846,94168,92150,10708,270221409,54407,394685368,39794,462534533,40157,198689406,15919,187565896,108329577
98750,259468,382392,29457,34330,118918,28330,25227,515283715,101482,90407,10790,274481165,61659,388910853,38465,473643198,38598,195499385,17369,187947491,108030148
99000,243051,387351,29079,34893,58079,25503,29668,513562259,101444,89623,10716,269051667,88461,402461293,40864,478027057,42403,195012246,15002,190784140,108488926
99250,247896,382025,28991,32935,63236,26377,22756,519428775,96049,90653,10743,277776508,70785,391016835,41731,484242310,48923,194867978,13132,191549921,108676683
99500,248519,376445,29005,33267,57858,28582,25071,517479100,101248,93480,10864,266623669,68864,401449249,39626,476569725,40927,196989831,14712,189968463,110989234
99750,249423,361092,28596,34712,48869,29249,28727,523113948,99780,101691,10712,287631773,102064,411438849,44686,472627262,45288,201640227,12368,191907951,110552292
100000,253714,313986,28717,33377,48808,26431,23789,518782861,92152,88456,11246,276780224,46088,398155639,33424,478337955,42715,196935862,17912,190167032,115397464
100250,249610,266848,29067,35582,57965,28355,24139,525459384,103825,90895,10717,283260326,45347,412721580,44690,482026020,40861,199205036,18662,190957376,117303924
100500,250528,255028,28987,33933,60719,29343,19558,517063785,98345,89778,10944,274804625,47414,433655844,44662,496794272,38152,199298749,15406,194434317,150963517
100750,250896,263878,28873,32319,57974,28637,18492,529721821,102067,91450,10774,283738926,43840,419076354,44632,483443768,36371,199598837,20451,194507230,131303439
101000,246907,257045,29091,33267,77511,26491,18497,522898789,107247,91589,10706,279534698,43903,448026126,39240,491810312,36884,205860548,17675,192543269,111796841
101250,246141,264634,28896,32390,61390,31383,17871,513141062,102990,91470,10719,294270272,43162,407200010,41903,490330831,37764,201600397,13787,195263032,111886637
101500,244298,263892,29168,35134,50998,30753,18673,515325942,105710,89714,10694,283277299,44134,418703050,49364,500948668,37438,200748865,14817,194956251,117893417
101750,250525,269728,29195,38489,50518,30035,20163,513891489,101039,88893,10711,285984574,46119,408157697,34638,495537543,40718,203131191,21837,196449598,127307796
102000,244729,275243,29106,36638,50577,33494,20503,517166339,111696,92288,10728,285195850,45013,415113663,34324,503291916,36986,202077782,17534,201747683,114423058
102250,255120,285897,29328,33231,48263,33854,23066,514081488,116801,89201,10692,294666236,45607,428161256,41092,498779626,36995,206459479,21299,195155803,114701806
102500,252903,273150,29401,36488,48207,55606,23868,520301918,120929,89496,11305,294456541,45836,431313144,45094,507468047,40066,204693860,19689,195612288,112986074
102750,250581,298592,28774,36030,47841,33868,21911,518267331,115268,91801,10710,296223782,46729,432240582,44556,498443982,37105,203782661,19903,198377875,113961795
103000,251084,282242,28672,35482,57823,32635,23463,525166083,12418177,89699,11070,305806453,55415,431752624,45049,511839714,43746,204336113,19123,197037947,113917170
103250,242087,279684,29241,35661,51267,49051,22852,519994440,75482,90587,10704,301761955,62894,447999619,53955,512984406,37925,206210545,16365,208990902,115909101
103500,250101,287277,29527,35010,63889,45412,23266,527307829,74609,94320,10768,307262236,64588,435599669,51304,528124304,36958,209208517,19888,200266413,115298274
103750,244617,291525,29346,33747,57028,56347,20259,525809682,77315,92443,10692,310550889,64188,428680510,34377,526802849,36402,205019128,21442,198562252,115007162
104000,246933,299179,29503,36947,59960,69530,18401,529790153,79681,106163,10706,305889715,68237,460649831,33150,542709392,38406,208051012,15441,199801915,115838664
104250,250672,311954,29095,36138,51236,69888,18745,524423335,75961,130890,10684,307175047,68084,443898868,43496,535115173,39321,207973317,14276,202283628,117866698
104500,114521,157331,13645,16852,18343,10207,13594,246441571,34491,58315,4993,143602944,30168,243076275,24909,248461764,18929,96089124,7766,117333329,53397457

